{
  "cv_r2_mean": 0.8550242860010178,
  "train_rmse": 971.2975824262978,
  "test_rmse": 1033.072779349697,
  "train_mae": 626.2903619317825,
  "test_mae": 649.6139277706001,
  "train_mse": 943418.9936271709,
  "test_mse": 1067239.3674333077,
  "train_r2": 0.8858186532897071,
  "test_r2": 0.8673420185089235
}