{
  "0": {
    "precision": 0.9491525423728814,
    "recall": 0.6924265842349304,
    "f1-score": 0.8007149240393208,
    "support": 1294
  },
  "1": {
    "precision": 0.5128518971848225,
    "recall": 0.8972162740899358,
    "f1-score": 0.6526479750778816,
    "support": 467
  },
  "accuracy": 0.7467348097671778,
  "macro avg": {
    "precision": 0.7310022197788519,
    "recall": 0.7948214291624331,
    "f1-score": 0.7266814495586011,
    "support": 1761
  },
  "weighted avg": {
    "precision": 0.8334498726949577,
    "recall": 0.7467348097671778,
    "f1-score": 0.7614490153709551,
    "support": 1761
  }
}