{
  "0": {
    "precision": 0.9739952718676123,
    "recall": 0.6367851622874807,
    "f1-score": 0.7700934579439254,
    "support": 1294
  },
  "1": {
    "precision": 0.48633879781420764,
    "recall": 0.9528907922912205,
    "f1-score": 0.6439942112879884,
    "support": 467
  },
  "accuracy": 0.7206132879045997,
  "macro avg": {
    "precision": 0.73016703484091,
    "recall": 0.7948379772893506,
    "f1-score": 0.7070438346159569,
    "support": 1761
  },
  "weighted avg": {
    "precision": 0.8446735379761073,
    "recall": 0.7206132879045997,
    "f1-score": 0.736653169364526,
    "support": 1761
  }
}