{
  "train_accuracy": 0.7296478606588414,
  "train_precision": 0.7353773796025542,
  "train_recall": 0.8016300351486095,
  "train_f1": 0.7155475893770185,
  "train_roc_auc": 0.9076555767166198,
  "test_accuracy": 0.7206132879045997,
  "test_precision": 0.73016703484091,
  "test_recall": 0.7948379772893506,
  "test_f1": 0.7070438346159569,
  "test_roc_auc": 0.8973089436006738
}