{
  "train_accuracy": 0.7455509276789095,
  "train_precision": 0.7449309173324892,
  "train_recall": 0.8140491492271718,
  "train_f1": 0.7305573369089955,
  "train_roc_auc": 0.9124010066620586,
  "test_accuracy": 0.7467348097671778,
  "test_precision": 0.7310022197788519,
  "test_recall": 0.7948214291624331,
  "test_f1": 0.7266814495586011,
  "test_roc_auc": 0.8896165468030673
}