Age,Married,Number_of_Dependents,Number_of_Referrals,Offer,Contract,Revenue_per_Month,Engagement_Score,Customer_Index,Predicted_Label,Churn_Probability
55,0,0,0,5,0,78.43,2,2507,1,0.8010223
74,0,0,0,0,2,67.0475,2,666,0,0.10205318
55,0,0,0,1,0,139.39939393939392,4,6514,1,0.7965971
47,1,0,5,0,2,57.715789473684204,8,4886,0,0.042249557
32,1,3,3,1,1,68.8180303030303,0,5842,0,0.012490583
